﻿<XtraSerializer version="1.0" application="View">
  <property name="#LayoutVersion" />
  <property name="FixedLineWidth">2</property>
  <property name="IndicatorWidth">-1</property>
  <property name="ColumnPanelRowHeight">-1</property>
  <property name="RowSeparatorHeight">0</property>
  <property name="FooterPanelHeight">-1</property>
  <property name="HorzScrollVisibility">Auto</property>
  <property name="VertScrollVisibility">Auto</property>
  <property name="RowHeight">-1</property>
  <property name="GroupRowHeight">-1</property>
  <property name="GroupFormat">{0}: [#image]{1} {2}</property>
  <property name="ChildGridLevelName" />
  <property name="VertScrollTipFieldName" />
  <property name="PreviewFieldName" />
  <property name="GroupPanelText" />
  <property name="NewItemRowText" />
  <property name="LevelIndent">-1</property>
  <property name="PreviewIndent">-1</property>
  <property name="PreviewLineCount">-1</property>
  <property name="ScrollStyle">LiveVertScroll, LiveHorzScroll</property>
  <property name="FocusRectStyle">CellFocus</property>
  <property name="HorzScrollStep">0</property>
  <property name="ActiveFilterEnabled">true</property>
  <property name="ViewCaptionHeight">-1</property>
  <property name="Columns" iskey="true" value="19">
    <property name="Item1" isnull="true" iskey="true">
      <property name="Name">colTimeSheetEntry</property>
      <property name="OptionsColumn" isnull="true" iskey="true">
        <property name="ReadOnly">true</property>
      </property>
      <property name="FieldName">TimeSheetEntry</property>
      <property name="ColumnEditName" />
      <property name="VisibleIndex">0</property>
      <property name="Visible">true</property>
    </property>
    <property name="Item2" isnull="true" iskey="true">
      <property name="Name">colWorkOrder</property>
      <property name="OptionsColumn" isnull="true" iskey="true">
        <property name="ReadOnly">true</property>
      </property>
      <property name="FieldName">WorkOrder</property>
      <property name="ColumnEditName" />
      <property name="VisibleIndex">1</property>
      <property name="Visible">true</property>
    </property>
    <property name="Item3" isnull="true" iskey="true">
      <property name="Name">colTimeSheetEntryID</property>
      <property name="OptionsColumn" isnull="true" iskey="true">
        <property name="ReadOnly">true</property>
      </property>
      <property name="FieldName">TimeSheetEntryID</property>
      <property name="ColumnEditName" />
      <property name="VisibleIndex">2</property>
      <property name="Visible">true</property>
    </property>
    <property name="Item4" isnull="true" iskey="true">
      <property name="Name">colTimeSheetEntryTypeID</property>
      <property name="OptionsColumn" isnull="true" iskey="true">
        <property name="ReadOnly">true</property>
      </property>
      <property name="FieldName">TimeSheetEntryTypeID</property>
      <property name="ColumnEditName" />
      <property name="VisibleIndex">3</property>
      <property name="Visible">true</property>
    </property>
    <property name="Item5" isnull="true" iskey="true">
      <property name="Name">colTimeSheetEntryTypeDesc</property>
      <property name="OptionsColumn" isnull="true" iskey="true">
        <property name="ReadOnly">true</property>
      </property>
      <property name="FieldName">TimeSheetEntryTypeDesc</property>
      <property name="ColumnEditName" />
      <property name="VisibleIndex">4</property>
      <property name="Visible">true</property>
    </property>
    <property name="Item6" isnull="true" iskey="true">
      <property name="Name">colEmployeeID</property>
      <property name="OptionsColumn" isnull="true" iskey="true">
        <property name="ReadOnly">true</property>
      </property>
      <property name="FieldName">EmployeeID</property>
      <property name="ColumnEditName" />
      <property name="VisibleIndex">5</property>
      <property name="Visible">true</property>
    </property>
    <property name="Item7" isnull="true" iskey="true">
      <property name="Name">colEmployeeName</property>
      <property name="OptionsColumn" isnull="true" iskey="true">
        <property name="ReadOnly">true</property>
      </property>
      <property name="FieldName">EmployeeName</property>
      <property name="ColumnEditName" />
      <property name="VisibleIndex">6</property>
      <property name="Visible">true</property>
    </property>
    <property name="Item8" isnull="true" iskey="true">
      <property name="Name">colWorkOrderID</property>
      <property name="OptionsColumn" isnull="true" iskey="true">
        <property name="ReadOnly">true</property>
      </property>
      <property name="FieldName">WorkOrderID</property>
      <property name="ColumnEditName" />
      <property name="VisibleIndex">7</property>
      <property name="Visible">true</property>
    </property>
    <property name="Item9" isnull="true" iskey="true">
      <property name="Name">colStartTime</property>
      <property name="OptionsColumn" isnull="true" iskey="true">
        <property name="ReadOnly">true</property>
      </property>
      <property name="FieldName">StartTime</property>
      <property name="ColumnEditName" />
      <property name="VisibleIndex">8</property>
      <property name="Visible">true</property>
    </property>
    <property name="Item10" isnull="true" iskey="true">
      <property name="Name">colTimeSheetDate</property>
      <property name="OptionsColumn" isnull="true" iskey="true">
        <property name="ReadOnly">true</property>
      </property>
      <property name="FieldName">TimeSheetDate</property>
      <property name="ColumnEditName" />
      <property name="VisibleIndex">9</property>
      <property name="Visible">true</property>
    </property>
    <property name="Item11" isnull="true" iskey="true">
      <property name="Name">colTimeSheetDateWC</property>
      <property name="OptionsColumn" isnull="true" iskey="true">
        <property name="ReadOnly">true</property>
      </property>
      <property name="FieldName">TimeSheetDateWC</property>
      <property name="ColumnEditName" />
      <property name="VisibleIndex">10</property>
      <property name="Visible">true</property>
    </property>
    <property name="Item12" isnull="true" iskey="true">
      <property name="Name">colTimeSheetDateMC</property>
      <property name="OptionsColumn" isnull="true" iskey="true">
        <property name="ReadOnly">true</property>
      </property>
      <property name="FieldName">TimeSheetDateMC</property>
      <property name="ColumnEditName" />
      <property name="VisibleIndex">11</property>
      <property name="Visible">true</property>
    </property>
    <property name="Item13" isnull="true" iskey="true">
      <property name="Name">colEndTime</property>
      <property name="OptionsColumn" isnull="true" iskey="true">
        <property name="ReadOnly">true</property>
      </property>
      <property name="FieldName">EndTime</property>
      <property name="ColumnEditName" />
      <property name="VisibleIndex">12</property>
      <property name="Visible">true</property>
    </property>
    <property name="Item14" isnull="true" iskey="true">
      <property name="Name">colDuration</property>
      <property name="OptionsColumn" isnull="true" iskey="true">
        <property name="ReadOnly">true</property>
      </property>
      <property name="FieldName">Duration</property>
      <property name="ColumnEditName" />
      <property name="VisibleIndex">13</property>
      <property name="Visible">true</property>
    </property>
    <property name="Item15" isnull="true" iskey="true">
      <property name="Name">colNote</property>
      <property name="OptionsColumn" isnull="true" iskey="true">
        <property name="ReadOnly">true</property>
      </property>
      <property name="FieldName">Note</property>
      <property name="ColumnEditName" />
      <property name="VisibleIndex">14</property>
      <property name="Visible">true</property>
    </property>
    <property name="Item16" isnull="true" iskey="true">
      <property name="Name">colWorkCentreID</property>
      <property name="OptionsColumn" isnull="true" iskey="true">
        <property name="ReadOnly">true</property>
      </property>
      <property name="FieldName">WorkCentreID</property>
      <property name="ColumnEditName" />
      <property name="VisibleIndex">15</property>
      <property name="Visible">true</property>
    </property>
    <property name="Item17" isnull="true" iskey="true">
      <property name="Name">colWorkCentreDesc</property>
      <property name="OptionsColumn" isnull="true" iskey="true">
        <property name="ReadOnly">true</property>
      </property>
      <property name="FieldName">WorkCentreDesc</property>
      <property name="ColumnEditName" />
      <property name="VisibleIndex">16</property>
      <property name="Visible">true</property>
    </property>
    <property name="Item18" isnull="true" iskey="true">
      <property name="Name">colWorkOrderNo</property>
      <property name="OptionsColumn" isnull="true" iskey="true">
        <property name="ReadOnly">true</property>
      </property>
      <property name="FieldName">WorkOrderNo</property>
      <property name="ColumnEditName" />
      <property name="VisibleIndex">17</property>
      <property name="Visible">true</property>
    </property>
    <property name="Item19" isnull="true" iskey="true">
      <property name="Name">colDescription</property>
      <property name="OptionsColumn" isnull="true" iskey="true">
        <property name="ReadOnly">true</property>
      </property>
      <property name="FieldName">Description</property>
      <property name="ColumnEditName" />
      <property name="VisibleIndex">18</property>
      <property name="Visible">true</property>
    </property>
  </property>
  <property name="ViewCaption" />
  <property name="BorderStyle">Default</property>
  <property name="SynchronizeClones">true</property>
  <property name="DetailTabHeaderLocation">Top</property>
  <property name="Name">gridviewManReport</property>
  <property name="DetailHeight">350</property>
  <property name="Tag" isnull="true" />
  <property name="GroupSummary" iskey="true" value="0" />
  <property name="ActiveFilterString" />
  <property name="FormatRules" iskey="true" value="0" />
  <property name="FormatConditions" iskey="true" value="0" />
  <property name="GroupSummarySortInfoState" />
  <property name="FindFilterText" />
  <property name="FindPanelVisible">false</property>
</XtraSerializer>