﻿<XtraSerializer version="1.0" application="PivotGrid">
  <property name="#LayoutVersion" />
  <property name="Fields" iskey="true" value="10">
    <property name="Item1" isnull="true" iskey="true">
      <property name="CustomTotals" iskey="true" value="0" />
      <property name="ToolTips" isnull="true" iskey="true">
        <property name="HeaderText" />
        <property name="ValueText" />
      </property>
      <property name="FieldEditName" />
      <property name="Name">fieldWorkOrder</property>
      <property name="FieldName">WorkOrder</property>
      <property name="Index">0</property>
      <property name="SortBySummaryInfo" isnull="true" iskey="true">
        <property name="Conditions" iskey="true" value="0" />
        <property name="FieldComponentName" />
      </property>
      <property name="FilterValues" isnull="true" iskey="true">
        <property name="Values">~Xtra#Array0, </property>
        <property name="ValuesCore" iskey="true" value="0" />
        <property name="DeferFilterString" />
        <property name="ShowBlanks">true</property>
        <property name="FilterType">Excluded</property>
      </property>
      <property name="AreaIndex">0</property>
      <property name="ActualSortMode">Default</property>
      <property name="SummaryFilter" isnull="true" iskey="true">
        <property name="StartValue" isnull="true" />
        <property name="EndValue" isnull="true" />
        <property name="Mode">LastLevel</property>
        <property name="RowFieldComponentName" />
        <property name="ColumnFieldComponentName" />
      </property>
    </property>
    <property name="Item2" isnull="true" iskey="true">
      <property name="CustomTotals" iskey="true" value="0" />
      <property name="ToolTips" isnull="true" iskey="true">
        <property name="HeaderText" />
        <property name="ValueText" />
      </property>
      <property name="FieldEditName" />
      <property name="Name">fieldSalesOrder</property>
      <property name="FieldName">SalesOrder</property>
      <property name="Index">1</property>
      <property name="SortBySummaryInfo" isnull="true" iskey="true">
        <property name="Conditions" iskey="true" value="0" />
        <property name="FieldComponentName" />
      </property>
      <property name="FilterValues" isnull="true" iskey="true">
        <property name="Values">~Xtra#Array0, </property>
        <property name="ValuesCore" iskey="true" value="0" />
        <property name="DeferFilterString" />
        <property name="ShowBlanks">true</property>
        <property name="FilterType">Excluded</property>
      </property>
      <property name="AreaIndex">1</property>
      <property name="ActualSortMode">Default</property>
      <property name="SummaryFilter" isnull="true" iskey="true">
        <property name="StartValue" isnull="true" />
        <property name="EndValue" isnull="true" />
        <property name="Mode">LastLevel</property>
        <property name="RowFieldComponentName" />
        <property name="ColumnFieldComponentName" />
      </property>
    </property>
    <property name="Item3" isnull="true" iskey="true">
      <property name="CustomTotals" iskey="true" value="0" />
      <property name="ToolTips" isnull="true" iskey="true">
        <property name="HeaderText" />
        <property name="ValueText" />
      </property>
      <property name="FieldEditName" />
      <property name="Name">fieldCustomer</property>
      <property name="FieldName">Customer</property>
      <property name="Index">2</property>
      <property name="SortBySummaryInfo" isnull="true" iskey="true">
        <property name="Conditions" iskey="true" value="0" />
        <property name="FieldComponentName" />
      </property>
      <property name="FilterValues" isnull="true" iskey="true">
        <property name="Values">~Xtra#Array0, </property>
        <property name="ValuesCore" iskey="true" value="0" />
        <property name="DeferFilterString" />
        <property name="ShowBlanks">true</property>
        <property name="FilterType">Excluded</property>
      </property>
      <property name="AreaIndex">2</property>
      <property name="ActualSortMode">Default</property>
      <property name="SummaryFilter" isnull="true" iskey="true">
        <property name="StartValue" isnull="true" />
        <property name="EndValue" isnull="true" />
        <property name="Mode">LastLevel</property>
        <property name="RowFieldComponentName" />
        <property name="ColumnFieldComponentName" />
      </property>
    </property>
    <property name="Item4" isnull="true" iskey="true">
      <property name="CustomTotals" iskey="true" value="0" />
      <property name="ToolTips" isnull="true" iskey="true">
        <property name="HeaderText" />
        <property name="ValueText" />
      </property>
      <property name="FieldEditName" />
      <property name="Name">fieldWorkOrderID</property>
      <property name="Area">DataArea</property>
      <property name="FieldName">WorkOrderID</property>
      <property name="Index">3</property>
      <property name="SortBySummaryInfo" isnull="true" iskey="true">
        <property name="Conditions" iskey="true" value="0" />
        <property name="FieldComponentName" />
      </property>
      <property name="FilterValues" isnull="true" iskey="true">
        <property name="Values">~Xtra#Array0, </property>
        <property name="ValuesCore" iskey="true" value="0" />
        <property name="DeferFilterString" />
        <property name="ShowBlanks">true</property>
        <property name="FilterType">Excluded</property>
      </property>
      <property name="AreaIndex">0</property>
      <property name="ActualSortMode">Default</property>
      <property name="SummaryFilter" isnull="true" iskey="true">
        <property name="StartValue" isnull="true" />
        <property name="EndValue" isnull="true" />
        <property name="Mode">LastLevel</property>
        <property name="RowFieldComponentName" />
        <property name="ColumnFieldComponentName" />
      </property>
    </property>
    <property name="Item5" isnull="true" iskey="true">
      <property name="CustomTotals" iskey="true" value="0" />
      <property name="ToolTips" isnull="true" iskey="true">
        <property name="HeaderText" />
        <property name="ValueText" />
      </property>
      <property name="FieldEditName" />
      <property name="Name">fieldQuantity</property>
      <property name="Area">DataArea</property>
      <property name="FieldName">Quantity</property>
      <property name="Index">4</property>
      <property name="SortBySummaryInfo" isnull="true" iskey="true">
        <property name="Conditions" iskey="true" value="0" />
        <property name="FieldComponentName" />
      </property>
      <property name="FilterValues" isnull="true" iskey="true">
        <property name="Values">~Xtra#Array0, </property>
        <property name="ValuesCore" iskey="true" value="0" />
        <property name="DeferFilterString" />
        <property name="ShowBlanks">true</property>
        <property name="FilterType">Excluded</property>
      </property>
      <property name="AreaIndex">1</property>
      <property name="ActualSortMode">Default</property>
      <property name="SummaryFilter" isnull="true" iskey="true">
        <property name="StartValue" isnull="true" />
        <property name="EndValue" isnull="true" />
        <property name="Mode">LastLevel</property>
        <property name="RowFieldComponentName" />
        <property name="ColumnFieldComponentName" />
      </property>
    </property>
    <property name="Item6" isnull="true" iskey="true">
      <property name="CustomTotals" iskey="true" value="0" />
      <property name="ToolTips" isnull="true" iskey="true">
        <property name="HeaderText" />
        <property name="ValueText" />
      </property>
      <property name="FieldEditName" />
      <property name="Name">fieldProductType</property>
      <property name="FieldName">ProductType</property>
      <property name="Index">5</property>
      <property name="SortBySummaryInfo" isnull="true" iskey="true">
        <property name="Conditions" iskey="true" value="0" />
        <property name="FieldComponentName" />
      </property>
      <property name="FilterValues" isnull="true" iskey="true">
        <property name="Values">~Xtra#Array0, </property>
        <property name="ValuesCore" iskey="true" value="0" />
        <property name="DeferFilterString" />
        <property name="ShowBlanks">true</property>
        <property name="FilterType">Excluded</property>
      </property>
      <property name="AreaIndex">3</property>
      <property name="ActualSortMode">Default</property>
      <property name="SummaryFilter" isnull="true" iskey="true">
        <property name="StartValue" isnull="true" />
        <property name="EndValue" isnull="true" />
        <property name="Mode">LastLevel</property>
        <property name="RowFieldComponentName" />
        <property name="ColumnFieldComponentName" />
      </property>
    </property>
    <property name="Item7" isnull="true" iskey="true">
      <property name="CustomTotals" iskey="true" value="0" />
      <property name="ToolTips" isnull="true" iskey="true">
        <property name="HeaderText" />
        <property name="ValueText" />
      </property>
      <property name="FieldEditName" />
      <property name="Name">fieldOrderNo</property>
      <property name="FieldName">OrderNo</property>
      <property name="Index">6</property>
      <property name="SortBySummaryInfo" isnull="true" iskey="true">
        <property name="Conditions" iskey="true" value="0" />
        <property name="FieldComponentName" />
      </property>
      <property name="FilterValues" isnull="true" iskey="true">
        <property name="Values">~Xtra#Array0, </property>
        <property name="ValuesCore" iskey="true" value="0" />
        <property name="DeferFilterString" />
        <property name="ShowBlanks">true</property>
        <property name="FilterType">Excluded</property>
      </property>
      <property name="AreaIndex">4</property>
      <property name="ActualSortMode">Default</property>
      <property name="SummaryFilter" isnull="true" iskey="true">
        <property name="StartValue" isnull="true" />
        <property name="EndValue" isnull="true" />
        <property name="Mode">LastLevel</property>
        <property name="RowFieldComponentName" />
        <property name="ColumnFieldComponentName" />
      </property>
    </property>
    <property name="Item8" isnull="true" iskey="true">
      <property name="CustomTotals" iskey="true" value="0" />
      <property name="ToolTips" isnull="true" iskey="true">
        <property name="HeaderText" />
        <property name="ValueText" />
      </property>
      <property name="FieldEditName" />
      <property name="Name">fieldBusinessSector</property>
      <property name="Area">ColumnArea</property>
      <property name="FieldName">BusinessSector</property>
      <property name="Index">7</property>
      <property name="SortBySummaryInfo" isnull="true" iskey="true">
        <property name="Conditions" iskey="true" value="0" />
        <property name="FieldComponentName" />
      </property>
      <property name="FilterValues" isnull="true" iskey="true">
        <property name="Values">~Xtra#Array0, </property>
        <property name="ValuesCore" iskey="true" value="0" />
        <property name="DeferFilterString" />
        <property name="ShowBlanks">true</property>
        <property name="FilterType">Excluded</property>
      </property>
      <property name="AreaIndex">0</property>
      <property name="ActualSortMode">Default</property>
      <property name="SummaryFilter" isnull="true" iskey="true">
        <property name="StartValue" isnull="true" />
        <property name="EndValue" isnull="true" />
        <property name="Mode">LastLevel</property>
        <property name="RowFieldComponentName" />
        <property name="ColumnFieldComponentName" />
      </property>
    </property>
    <property name="Item9" isnull="true" iskey="true">
      <property name="CustomTotals" iskey="true" value="0" />
      <property name="ToolTips" isnull="true" iskey="true">
        <property name="HeaderText" />
        <property name="ValueText" />
      </property>
      <property name="FieldEditName" />
      <property name="Name">fieldProjectName</property>
      <property name="Area">RowArea</property>
      <property name="FieldName">ProjectName</property>
      <property name="Index">8</property>
      <property name="SortBySummaryInfo" isnull="true" iskey="true">
        <property name="Conditions" iskey="true" value="0" />
        <property name="FieldComponentName" />
      </property>
      <property name="FilterValues" isnull="true" iskey="true">
        <property name="Values">~Xtra#Array0, </property>
        <property name="ValuesCore" iskey="true" value="0" />
        <property name="DeferFilterString" />
        <property name="ShowBlanks">true</property>
        <property name="FilterType">Excluded</property>
      </property>
      <property name="AreaIndex">0</property>
      <property name="ActualSortMode">Default</property>
      <property name="SummaryFilter" isnull="true" iskey="true">
        <property name="StartValue" isnull="true" />
        <property name="EndValue" isnull="true" />
        <property name="Mode">LastLevel</property>
        <property name="RowFieldComponentName" />
        <property name="ColumnFieldComponentName" />
      </property>
    </property>
    <property name="Item10" isnull="true" iskey="true">
      <property name="CustomTotals" iskey="true" value="0" />
      <property name="ToolTips" isnull="true" iskey="true">
        <property name="HeaderText" />
        <property name="ValueText" />
      </property>
      <property name="FieldEditName" />
      <property name="Name">fieldCustomerName</property>
      <property name="FieldName">CustomerName</property>
      <property name="Index">9</property>
      <property name="SortBySummaryInfo" isnull="true" iskey="true">
        <property name="Conditions" iskey="true" value="0" />
        <property name="FieldComponentName" />
      </property>
      <property name="FilterValues" isnull="true" iskey="true">
        <property name="Values">~Xtra#Array0, </property>
        <property name="ValuesCore" iskey="true" value="0" />
        <property name="DeferFilterString" />
        <property name="ShowBlanks">true</property>
        <property name="FilterType">Excluded</property>
      </property>
      <property name="AreaIndex">5</property>
      <property name="ActualSortMode">Default</property>
      <property name="SummaryFilter" isnull="true" iskey="true">
        <property name="StartValue" isnull="true" />
        <property name="EndValue" isnull="true" />
        <property name="Mode">LastLevel</property>
        <property name="RowFieldComponentName" />
        <property name="ColumnFieldComponentName" />
      </property>
    </property>
  </property>
  <property name="Prefilter" isnull="true" iskey="true">
    <property name="Criteria" isnull="true" />
    <property name="ShowOperandTypeIcon">false</property>
    <property name="Enabled">true</property>
  </property>
  <property name="OptionsData" isnull="true" iskey="true">
    <property name="DataFieldUnboundExpressionMode">UseSummaryValues</property>
  </property>
  <property name="OptionsChartDataSource" isnull="true" iskey="true">
    <property name="FieldValuesProvideMode">DisplayText</property>
  </property>
  <property name="Groups" iskey="true" value="0" />
  <property name="FormatRules" iskey="true" value="0" />
  <property name="FormatConditions" iskey="true" value="0" />
</XtraSerializer>