﻿<XtraSerializer version="1.0" application="View">
  <property name="#LayoutVersion" />
  <property name="FixedLineWidth">2</property>
  <property name="IndicatorWidth">-1</property>
  <property name="ColumnPanelRowHeight">-1</property>
  <property name="RowSeparatorHeight">0</property>
  <property name="FooterPanelHeight">-1</property>
  <property name="HorzScrollVisibility">Auto</property>
  <property name="VertScrollVisibility">Auto</property>
  <property name="RowHeight">-1</property>
  <property name="GroupRowHeight">-1</property>
  <property name="GroupFormat">{0}: [#image]{1} {2}</property>
  <property name="ChildGridLevelName" />
  <property name="VertScrollTipFieldName" />
  <property name="PreviewFieldName" />
  <property name="GroupPanelText" />
  <property name="NewItemRowText" />
  <property name="LevelIndent">-1</property>
  <property name="PreviewIndent">-1</property>
  <property name="PreviewLineCount">-1</property>
  <property name="ScrollStyle">LiveVertScroll, LiveHorzScroll</property>
  <property name="FocusRectStyle">CellFocus</property>
  <property name="HorzScrollStep">0</property>
  <property name="ActiveFilterEnabled">true</property>
  <property name="ViewCaptionHeight">-1</property>
  <property name="Columns" iskey="true" value="10">
    <property name="Item1" isnull="true" iskey="true">
      <property name="Name">colWorkOrder</property>
      <property name="OptionsColumn" isnull="true" iskey="true">
        <property name="ReadOnly">true</property>
      </property>
      <property name="FieldName">WorkOrder</property>
      <property name="ColumnEditName" />
      <property name="VisibleIndex">0</property>
      <property name="Visible">true</property>
    </property>
    <property name="Item2" isnull="true" iskey="true">
      <property name="Name">colSalesOrder</property>
      <property name="OptionsColumn" isnull="true" iskey="true">
        <property name="ReadOnly">true</property>
      </property>
      <property name="FieldName">SalesOrder</property>
      <property name="ColumnEditName" />
      <property name="VisibleIndex">1</property>
      <property name="Visible">true</property>
    </property>
    <property name="Item3" isnull="true" iskey="true">
      <property name="Name">colCustomer</property>
      <property name="OptionsColumn" isnull="true" iskey="true">
        <property name="ReadOnly">true</property>
      </property>
      <property name="FieldName">Customer</property>
      <property name="ColumnEditName" />
      <property name="VisibleIndex">2</property>
      <property name="Visible">true</property>
    </property>
    <property name="Item4" isnull="true" iskey="true">
      <property name="Name">colWorkOrderID</property>
      <property name="OptionsColumn" isnull="true" iskey="true">
        <property name="ReadOnly">true</property>
      </property>
      <property name="FieldName">WorkOrderID</property>
      <property name="ColumnEditName" />
      <property name="VisibleIndex">3</property>
      <property name="Visible">true</property>
    </property>
    <property name="Item5" isnull="true" iskey="true">
      <property name="Name">colQuantity</property>
      <property name="OptionsColumn" isnull="true" iskey="true">
        <property name="ReadOnly">true</property>
      </property>
      <property name="FieldName">Quantity</property>
      <property name="ColumnEditName" />
      <property name="VisibleIndex">4</property>
      <property name="Visible">true</property>
    </property>
    <property name="Item6" isnull="true" iskey="true">
      <property name="Name">colProductType</property>
      <property name="OptionsColumn" isnull="true" iskey="true">
        <property name="ReadOnly">true</property>
      </property>
      <property name="FieldName">ProductType</property>
      <property name="ColumnEditName" />
      <property name="VisibleIndex">5</property>
      <property name="Visible">true</property>
    </property>
    <property name="Item7" isnull="true" iskey="true">
      <property name="Name">colOrderNo</property>
      <property name="OptionsColumn" isnull="true" iskey="true">
        <property name="ReadOnly">true</property>
      </property>
      <property name="FieldName">OrderNo</property>
      <property name="ColumnEditName" />
      <property name="VisibleIndex">6</property>
      <property name="Visible">true</property>
    </property>
    <property name="Item8" isnull="true" iskey="true">
      <property name="Name">colBusinessSector</property>
      <property name="OptionsColumn" isnull="true" iskey="true">
        <property name="ReadOnly">true</property>
      </property>
      <property name="FieldName">BusinessSector</property>
      <property name="ColumnEditName" />
      <property name="VisibleIndex">7</property>
      <property name="Visible">true</property>
    </property>
    <property name="Item9" isnull="true" iskey="true">
      <property name="Name">colProjectName</property>
      <property name="OptionsColumn" isnull="true" iskey="true">
        <property name="ReadOnly">true</property>
      </property>
      <property name="FieldName">ProjectName</property>
      <property name="ColumnEditName" />
      <property name="VisibleIndex">8</property>
      <property name="Visible">true</property>
    </property>
    <property name="Item10" isnull="true" iskey="true">
      <property name="Name">colCustomerName</property>
      <property name="OptionsColumn" isnull="true" iskey="true">
        <property name="ReadOnly">true</property>
      </property>
      <property name="FieldName">CustomerName</property>
      <property name="ColumnEditName" />
      <property name="VisibleIndex">9</property>
      <property name="Visible">true</property>
    </property>
  </property>
  <property name="ViewCaption" />
  <property name="BorderStyle">Default</property>
  <property name="SynchronizeClones">true</property>
  <property name="DetailTabHeaderLocation">Top</property>
  <property name="Name">gridviewManReport</property>
  <property name="DetailHeight">350</property>
  <property name="Tag" isnull="true" />
  <property name="GroupSummary" iskey="true" value="0" />
  <property name="ActiveFilterString" />
  <property name="FormatRules" iskey="true" value="0" />
  <property name="FormatConditions" iskey="true" value="0" />
  <property name="GroupSummarySortInfoState" />
  <property name="FindFilterText" />
  <property name="FindPanelVisible">false</property>
</XtraSerializer>