﻿<XtraSerializer version="1.0" application="View">
  <property name="#LayoutVersion" />
  <property name="Appearance" isnull="true" iskey="true">
    <property name="HeaderPanel" iskey="true" value="HeaderPanel">
      <property name="Options" isnull="true" iskey="true">
        <property name="UseTextOptions">true</property>
        <property name="UseFont">true</property>
      </property>
      <property name="TextOptions" isnull="true" iskey="true">
        <property name="WordWrap">Wrap</property>
      </property>
      <property name="Font">Arial, 8.25pt, style=Bold</property>
    </property>
    <property name="Row" iskey="true" value="Row">
      <property name="Options" isnull="true" iskey="true">
        <property name="UseFont">true</property>
      </property>
      <property name="Font">Arial, 8.25pt</property>
    </property>
  </property>
  <property name="OptionsView" isnull="true" iskey="true">
    <property name="ColumnAutoWidth">false</property>
    <property name="ShowAutoFilterRow">true</property>
    <property name="ShowGroupPanel">false</property>
  </property>
  <property name="FixedLineWidth">2</property>
  <property name="IndicatorWidth">-1</property>
  <property name="ColumnPanelRowHeight">34</property>
  <property name="RowSeparatorHeight">0</property>
  <property name="FooterPanelHeight">-1</property>
  <property name="HorzScrollVisibility">Auto</property>
  <property name="VertScrollVisibility">Auto</property>
  <property name="RowHeight">-1</property>
  <property name="GroupRowHeight">-1</property>
  <property name="GroupFormat">{0}: [#image]{1} {2}</property>
  <property name="ChildGridLevelName" />
  <property name="VertScrollTipFieldName" />
  <property name="PreviewFieldName" />
  <property name="GroupPanelText" />
  <property name="NewItemRowText" />
  <property name="LevelIndent">-1</property>
  <property name="PreviewIndent">-1</property>
  <property name="PreviewLineCount">-1</property>
  <property name="ScrollStyle">LiveVertScroll, LiveHorzScroll</property>
  <property name="FocusRectStyle">CellFocus</property>
  <property name="HorzScrollStep">0</property>
  <property name="ActiveFilterEnabled">true</property>
  <property name="ViewCaptionHeight">-1</property>
  <property name="Columns" iskey="true" value="12">
    <property name="Item1" isnull="true" iskey="true">
      <property name="Name">GridColumn5</property>
      <property name="OptionsColumn" isnull="true" iskey="true">
        <property name="ReadOnly">true</property>
      </property>
      <property name="Caption">ID</property>
      <property name="FieldName">SalesOrderID</property>
      <property name="ColumnEditName" />
    </property>
    <property name="Item2" isnull="true" iskey="true">
      <property name="Name">GridColumn1</property>
      <property name="OptionsColumn" isnull="true" iskey="true">
        <property name="ReadOnly">true</property>
      </property>
      <property name="Caption"># Referencia</property>
      <property name="FieldName">OrderNo</property>
      <property name="ColumnEditName" />
      <property name="VisibleIndex">0</property>
      <property name="Visible">true</property>
      <property name="Width">86</property>
    </property>
    <property name="Item3" isnull="true" iskey="true">
      <property name="Name">GridColumn8</property>
      <property name="OptionsColumn" isnull="true" iskey="true">
        <property name="ReadOnly">true</property>
      </property>
      <property name="Caption">Nombre de Cliente</property>
      <property name="FieldName">CompanyName</property>
      <property name="ColumnEditName" />
      <property name="VisibleIndex">2</property>
      <property name="Visible">true</property>
      <property name="Width">119</property>
    </property>
    <property name="Item4" isnull="true" iskey="true">
      <property name="Name">GridColumn3</property>
      <property name="OptionsColumn" isnull="true" iskey="true">
        <property name="ReadOnly">true</property>
      </property>
      <property name="Caption">Nombre de Proyecto</property>
      <property name="FieldName">ProjectName</property>
      <property name="ColumnEditName" />
      <property name="VisibleIndex">1</property>
      <property name="Visible">true</property>
      <property name="Width">129</property>
    </property>
    <property name="Item5" isnull="true" iskey="true">
      <property name="Name">gcOrderStatusEnum</property>
      <property name="OptionsColumn" isnull="true" iskey="true">
        <property name="ReadOnly">true</property>
      </property>
      <property name="Caption">Estado de Orden</property>
      <property name="FieldName">OrderStatusENUM</property>
      <property name="ColumnEditName" />
      <property name="VisibleIndex">8</property>
      <property name="Visible">true</property>
      <property name="Width">106</property>
    </property>
    <property name="Item6" isnull="true" iskey="true">
      <property name="Name">GridColumn6</property>
      <property name="OptionsColumn" isnull="true" iskey="true">
        <property name="ReadOnly">true</property>
      </property>
      <property name="Caption">Tipo de Venta</property>
      <property name="FieldName">OrderTypeID</property>
      <property name="ColumnEditName" />
      <property name="VisibleIndex">5</property>
      <property name="Visible">true</property>
      <property name="Width">91</property>
    </property>
    <property name="Item7" isnull="true" iskey="true">
      <property name="Name">GridColumn7</property>
      <property name="OptionsColumn" isnull="true" iskey="true">
        <property name="ReadOnly">true</property>
      </property>
      <property name="Caption">Fecha de Ingreso</property>
      <property name="FieldName">DateEntered</property>
      <property name="ColumnEditName" />
      <property name="VisibleIndex">6</property>
      <property name="Visible">true</property>
      <property name="Width">106</property>
    </property>
    <property name="Item8" isnull="true" iskey="true">
      <property name="Name">GridColumn11</property>
      <property name="OptionsColumn" isnull="true" iskey="true">
        <property name="ReadOnly">true</property>
      </property>
      <property name="Caption">Fecha Requerida</property>
      <property name="FieldName">DueTime</property>
      <property name="ColumnEditName" />
      <property name="VisibleIndex">7</property>
      <property name="Visible">true</property>
      <property name="Width">106</property>
    </property>
    <property name="Item9" isnull="true" iskey="true">
      <property name="Name">GridColumn9</property>
      <property name="OptionsColumn" isnull="true" iskey="true">
        <property name="ReadOnly">true</property>
      </property>
      <property name="Caption">País</property>
      <property name="FieldName">SalesAreaID</property>
      <property name="ColumnEditName" />
      <property name="VisibleIndex">3</property>
      <property name="Visible">true</property>
      <property name="Width">71</property>
    </property>
    <property name="Item10" isnull="true" iskey="true">
      <property name="Name">GridColumn10</property>
      <property name="OptionsColumn" isnull="true" iskey="true">
        <property name="ReadOnly">true</property>
      </property>
      <property name="Caption">Referencia de Cuenta</property>
      <property name="FieldName">AccountRef</property>
      <property name="ColumnEditName" />
      <property name="VisibleIndex">4</property>
      <property name="Visible">true</property>
      <property name="Width">131</property>
    </property>
    <property name="Item11" isnull="true" iskey="true">
      <property name="Name">GridColumn2</property>
      <property name="OptionsColumn" isnull="true" iskey="true">
        <property name="ReadOnly">true</property>
      </property>
      <property name="Caption">Código Empleado</property>
      <property name="FieldName">EstimatorEmployeeID</property>
      <property name="ColumnEditName" />
      <property name="VisibleIndex">9</property>
      <property name="Visible">true</property>
      <property name="Width">108</property>
    </property>
    <property name="Item12" isnull="true" iskey="true">
      <property name="Name">GridColumn12</property>
      <property name="OptionsColumn" isnull="true" iskey="true">
        <property name="ReadOnly">true</property>
      </property>
      <property name="Caption">Empleado</property>
      <property name="FieldName">FirstName</property>
      <property name="ColumnEditName" />
      <property name="VisibleIndex">10</property>
      <property name="Visible">true</property>
      <property name="Width">131</property>
    </property>
  </property>
  <property name="ViewCaption" />
  <property name="BorderStyle">Default</property>
  <property name="SynchronizeClones">true</property>
  <property name="DetailTabHeaderLocation">Top</property>
  <property name="Name">GridView1</property>
  <property name="DetailHeight">350</property>
  <property name="Tag" isnull="true" />
  <property name="GroupSummary" iskey="true" value="0" />
  <property name="ActiveFilterString" />
  <property name="FormatRules" iskey="true" value="0" />
  <property name="FormatConditions" iskey="true" value="0" />
  <property name="GroupSummarySortInfoState" />
  <property name="FindFilterText" />
  <property name="FindPanelVisible">false</property>
</XtraSerializer>