﻿<XtraSerializer version="1.0" application="View">
  <property name="#LayoutVersion" />
  <property name="Appearance" isnull="true" iskey="true">
    <property name="HeaderPanel" iskey="true" value="HeaderPanel">
      <property name="Options" isnull="true" iskey="true">
        <property name="UseTextOptions">true</property>
        <property name="UseFont">true</property>
      </property>
      <property name="TextOptions" isnull="true" iskey="true">
        <property name="WordWrap">Wrap</property>
      </property>
      <property name="Font">Arial, 8.25pt, style=Bold</property>
    </property>
    <property name="Row" iskey="true" value="Row">
      <property name="Options" isnull="true" iskey="true">
        <property name="UseFont">true</property>
      </property>
      <property name="Font">Arial, 8.25pt</property>
    </property>
  </property>
  <property name="OptionsView" isnull="true" iskey="true">
    <property name="ColumnAutoWidth">false</property>
    <property name="ShowAutoFilterRow">true</property>
    <property name="ShowGroupPanel">false</property>
  </property>
  <property name="FixedLineWidth">2</property>
  <property name="IndicatorWidth">-1</property>
  <property name="ColumnPanelRowHeight">34</property>
  <property name="RowSeparatorHeight">0</property>
  <property name="FooterPanelHeight">-1</property>
  <property name="HorzScrollVisibility">Auto</property>
  <property name="VertScrollVisibility">Auto</property>
  <property name="RowHeight">-1</property>
  <property name="GroupRowHeight">-1</property>
  <property name="GroupFormat">{0}: [#image]{1} {2}</property>
  <property name="ChildGridLevelName" />
  <property name="VertScrollTipFieldName" />
  <property name="PreviewFieldName" />
  <property name="GroupPanelText" />
  <property name="NewItemRowText" />
  <property name="LevelIndent">-1</property>
  <property name="PreviewIndent">-1</property>
  <property name="PreviewLineCount">-1</property>
  <property name="ScrollStyle">LiveVertScroll, LiveHorzScroll</property>
  <property name="FocusRectStyle">CellFocus</property>
  <property name="HorzScrollStep">0</property>
  <property name="ActiveFilterEnabled">true</property>
  <property name="ViewCaptionHeight">-1</property>
  <property name="Columns" iskey="true" value="13">
    <property name="Item1" isnull="true" iskey="true">
      <property name="Name">GridColumn12</property>
      <property name="OptionsColumn" isnull="true" iskey="true">
        <property name="ReadOnly">true</property>
      </property>
      <property name="Caption">ID</property>
      <property name="FieldName">WorkOrderID</property>
      <property name="ColumnEditName" />
    </property>
    <property name="Item2" isnull="true" iskey="true">
      <property name="Name">GridColumn6</property>
      <property name="OptionsColumn" isnull="true" iskey="true">
        <property name="ReadOnly">true</property>
      </property>
      <property name="Caption"># Orden de Compra</property>
      <property name="FieldName">OrderNo</property>
      <property name="ColumnEditName" />
      <property name="VisibleIndex">0</property>
      <property name="Visible">true</property>
      <property name="Width">124</property>
    </property>
    <property name="Item3" isnull="true" iskey="true">
      <property name="Name">GridColumn10</property>
      <property name="OptionsColumn" isnull="true" iskey="true">
        <property name="ReadOnly">true</property>
      </property>
      <property name="Caption">Cliente</property>
      <property name="FieldName">CompanyName</property>
      <property name="ColumnEditName" />
      <property name="VisibleIndex">1</property>
      <property name="Visible">true</property>
      <property name="Width">123</property>
    </property>
    <property name="Item4" isnull="true" iskey="true">
      <property name="Name">GridColumn3</property>
      <property name="OptionsColumn" isnull="true" iskey="true">
        <property name="ReadOnly">true</property>
      </property>
      <property name="Caption">Descripcion</property>
      <property name="FieldName">Description</property>
      <property name="ColumnEditName" />
      <property name="VisibleIndex">4</property>
      <property name="Visible">true</property>
      <property name="Width">117</property>
    </property>
    <property name="Item5" isnull="true" iskey="true">
      <property name="Name">Quantity</property>
      <property name="OptionsColumn" isnull="true" iskey="true">
        <property name="ReadOnly">true</property>
      </property>
      <property name="Caption">Cantidad</property>
      <property name="FieldName">Quantity</property>
      <property name="ColumnEditName" />
      <property name="VisibleIndex">5</property>
      <property name="Visible">true</property>
    </property>
    <property name="Item6" isnull="true" iskey="true">
      <property name="Name">GridColumn1</property>
      <property name="OptionsColumn" isnull="true" iskey="true">
        <property name="ReadOnly">true</property>
      </property>
      <property name="Caption"># Orden de Trabajo</property>
      <property name="FieldName">WorkOrderNo</property>
      <property name="ColumnEditName" />
      <property name="VisibleIndex">3</property>
      <property name="Visible">true</property>
      <property name="Width">122</property>
    </property>
    <property name="Item7" isnull="true" iskey="true">
      <property name="Name">GridColumn2</property>
      <property name="OptionsColumn" isnull="true" iskey="true">
        <property name="ReadOnly">true</property>
      </property>
      <property name="Caption">Tipo de OT</property>
      <property name="FieldName">WorkOrderType</property>
      <property name="ColumnEditName" />
      <property name="VisibleIndex">7</property>
      <property name="Visible">true</property>
      <property name="Width">74</property>
    </property>
    <property name="Item8" isnull="true" iskey="true">
      <property name="Name">GridColumn4</property>
      <property name="OptionsColumn" isnull="true" iskey="true">
        <property name="ReadOnly">true</property>
      </property>
      <property name="Caption">Proyecto</property>
      <property name="FieldName">ProjectName</property>
      <property name="ColumnEditName" />
      <property name="VisibleIndex">2</property>
      <property name="Visible">true</property>
      <property name="Width">118</property>
    </property>
    <property name="Item9" isnull="true" iskey="true">
      <property name="Name">GridColumn8</property>
      <property name="OptionsColumn" isnull="true" iskey="true">
        <property name="ReadOnly">true</property>
      </property>
      <property name="Caption">Responsable</property>
      <property name="FieldName">EmployeeID</property>
      <property name="ColumnEditName" />
      <property name="VisibleIndex">8</property>
      <property name="Visible">true</property>
      <property name="Width">88</property>
    </property>
    <property name="Item10" isnull="true" iskey="true">
      <property name="Name">GridColumn13</property>
      <property name="OptionsColumn" isnull="true" iskey="true">
        <property name="ReadOnly">true</property>
      </property>
      <property name="Caption">Precio</property>
      <property name="FieldName">UnitPrice</property>
      <property name="ColumnEditName" />
      <property name="VisibleIndex">6</property>
      <property name="Visible">true</property>
      <property name="Width">64</property>
    </property>
    <property name="Item11" isnull="true" iskey="true">
      <property name="Name">GridColumn16</property>
      <property name="OptionsColumn" isnull="true" iskey="true">
        <property name="ReadOnly">true</property>
      </property>
      <property name="Caption">Fecha Ingresada</property>
      <property name="FieldName">PlannedStartDate</property>
      <property name="ColumnEditName" />
      <property name="VisibleIndex">9</property>
      <property name="Visible">true</property>
      <property name="Width">100</property>
    </property>
    <property name="Item12" isnull="true" iskey="true">
      <property name="Name">GridColumn17</property>
      <property name="OptionsColumn" isnull="true" iskey="true">
        <property name="ReadOnly">true</property>
      </property>
      <property name="Caption">Fecha de Compromiso</property>
      <property name="FieldName">DueTime</property>
      <property name="ColumnEditName" />
      <property name="VisibleIndex">10</property>
      <property name="Visible">true</property>
      <property name="Width">135</property>
    </property>
    <property name="Item13" isnull="true" iskey="true">
      <property name="Name">GridColumn18</property>
      <property name="OptionsColumn" isnull="true" iskey="true">
        <property name="ReadOnly">true</property>
      </property>
      <property name="Caption">Fecha Despachada</property>
      <property name="FieldName">FinishDate</property>
      <property name="ColumnEditName" />
      <property name="VisibleIndex">11</property>
      <property name="Visible">true</property>
      <property name="Width">111</property>
    </property>
  </property>
  <property name="ViewCaption" />
  <property name="BorderStyle">Default</property>
  <property name="SynchronizeClones">true</property>
  <property name="DetailTabHeaderLocation">Top</property>
  <property name="Name">GridView1</property>
  <property name="DetailHeight">350</property>
  <property name="Tag" isnull="true" />
  <property name="GroupSummary" iskey="true" value="0" />
  <property name="ActiveFilterString" />
  <property name="FormatRules" iskey="true" value="0" />
  <property name="FormatConditions" iskey="true" value="0" />
  <property name="GroupSummarySortInfoState" />
  <property name="FindFilterText" />
  <property name="FindPanelVisible">false</property>
</XtraSerializer>